{"cameraMode":{"drawMode":0,"name":"Shaded","section":"Shading Mode"},"sceneLighting":false,"audioPlay":false,"sceneViewState":{"m_AlwaysRefresh":false,"showFog":true,"showSkybox":false,"showFlares":true,"showImageEffects":true,"showParticleSystems":true,"showVisualEffectGraphs":true,"m_FxEnabled":false},"in2DMode":false,"pivot":{"x":1.059302568435669,"y":1.0356032848358155,"z":-0.048552632331848147},"rotation":{"x":-0.08983561396598816,"y":-0.3902183473110199,"z":0.038287073373794559,"w":-0.9155319929122925},"size":0.8660253882408142,"orthographic":false}